{
    "status": "PROCESSED",
    "taxOnIncome": 0,
    "prsi": 0,
    "usc": 0,
    "lpt": 0,
    "submissions": [
        {
            "submissionID": "Submission_00001",
            "status": "COMPLETED",
            "submissionSummary": {
                "taxOnIncome": 0,
                "prsi": 0,
                "usc": 0,
                "lpt": 0,
                "payslipCount": 2,
                "payslipToDeleteCount": 0
            }
        }
    ],
    "payslipSummaries": [
        {
            "lineItemID": "LineItem-XYZ_1",
            "employeeID": {
                "employeePpsn": "01070390T",
                "employmentID": "1"
            },
            "taxOnIncome": 0,
            "prsi": 0,
            "usc": 0,
            "lpt": 0
        },
        {
            "lineItemID": "LineItem-XYZ_2",
            "employeeID": {
                "employeePpsn": "1063596C",
                "employmentID": "1"
            },
            "taxOnIncome": 0,
            "prsi": 0,
            "usc": 0,
            "lpt": 0
        }
    ]
}