{
  "payslips": [
    {
      "lineItemID": "LineItem-XYZ-Correction",
      "previousLineItemID": "LineItem-XYZ-Original",
      "employeeID": {	
        "employeePpsn": "01070390T",
        "employmentID": "1"
      },
      "name": {
        "firstName": "Sara",
        "familyName": "Tester"
      },
      "leaveDate": "2019-12-31",
      "shadowPayroll": false,
      "payFrequency": "MONTHLY",
      "numberOfPayPeriods": 13,
      "rpnNumber": "3",
      "exclusionOrder": false,
      "payDate": "2019-12-15",
      "grossPay": 2500.00,
      "payForIncomeTax": 2500.00,
      "incomeTaxPaid": 400.00,
      "payForEmployeePRSI": 2500.00,
      "payForEmployerPRSI": 2500.00,
      "prsiExempt": false,
      "prsiClassDetails": [
        {
          "prsiClass": "A1",
          "insurableWeeks": 48
        }
      ],
      "employeePRSIPaid": 400.00,
      "employerPRSIPaid": 400.00,
      "payForUSC": 2500.00,
      "uscStatus": "ORDINARY",
      "uscPaid": 300.00,
      "lptDeducted": 0.00,
      "grossMedicalInsurance": 0.00,
      "shareBasedRemuneration": 0.00,
      "taxableBenefits": 0.00,
      "taxableLumpSum": 0.00,
      "nonTaxableLumpSum": 0.00,
      "pensionTracingNumbers": [],
      "employerRBS": 0.00,
      "employeeRBS": 0.00,
      "employerPRSA": 0.00,
      "employeePRSA": 0.00,
      "employeeRAC": 0.00,
      "employeeAVC": 0.00
    }
  ],
  "lineItemIDsToDelete": []
}