{
  "payslips": [
    {
      "lineItemID": "LineItem-XYZ_Underpayment",
      "employeeID": {	
        "employeePpsn": "01070390T",
        "employmentID": "1"
      },
      "name": {
        "firstName": "Sara",
        "familyName": "Tester"
      },
      "shadowPayroll": false,
      "payFrequency": "WEEKLY",
      "numberOfPayPeriods": 53,
      "rpnNumber": "3",
      "exclusionOrder": false,
      "payDate": "2018-04-23",
      "grossPay": 1000.00,
      "payForIncomeTax": 1000.00,
      "incomeTaxPaid": 460.00,
      "payForEmployeePRSI": 1000.00,
      "payForEmployerPRSI": 1000.00,
      "prsiExempt": false,
      "prsiClassDetails": [
        {
          "prsiClass": "A1",
          "insurableWeeks": 0
        }
      ],
      "employeePRSIPaid": 40.00,
      "employerPRSIPaid": 120.00,
      "payForUSC": 1000.00,
      "uscStatus": "ORDINARY",
      "uscPaid": 40.00,
      "lptDeducted": 0.00,
      "grossMedicalInsurance": 0.00,
      "shareBasedRemuneration": 0.00,
      "taxableBenefits": 0.00,
      "taxableLumpSum": 0.00,
      "nonTaxableLumpSum": 0.00,
      "employerRBS": 0.00,
      "employeeRBS": 300.00,
      "employerPRSA": 0.00,
      "employeePRSA": 0.00,
      "employeeRAC": 0.00,
      "employeeAVC": 0.00
    }
  ],
  "lineItemIDsToDelete": []
}