{
  "payslips": [
    {
      "lineItemID": "LineItem-XYZ",
      "employeeID": {	
        "employeePpsn": "01070390T",
        "employmentID": "1"
      },
      "name": {
        "firstName": "Sara",
        "familyName": "Tester"
      },
	  "leaveDate": "2018-04-01",
      "shadowPayroll": false,
      "payFrequency": "MONTHLY",
      "numberOfPayPeriods": 13,
      "rpnNumber": "3",
      "exclusionOrder": false,
      "payDate": "2018-04-11",
      "grossPay": 3000.00,
      "payForIncomeTax": 3000.00,
      "incomeTaxPaid": 200.65,
      "payForEmployeePRSI": 3000.00,
      "payForEmployerPRSI": 3000.00,
      "prsiExempt": false,
      "prsiClassDetails": [
        {
          "prsiClass": "A1",
          "insurableWeeks": 12
        }
      ],
      "employeePRSIPaid": 240.33,
      "employerPRSIPaid": 240.11,
      "payForUSC": 3000.00,
      "uscStatus": "ORDINARY",
      "uscPaid": 240.00,
      "lptDeducted": 100.00,
      "grossMedicalInsurance": 100.00,
      "shareBasedRemuneration": 100.00,
      "taxableBenefits": 100.00,
      "taxableLumpSum": 100.00,
      "nonTaxableLumpSum": 100.00,
      "employerRBS": 500.00,
      "employeeRBS": 500.00,
      "employerPRSA": 500.00,
      "employeePRSA": 500.00,
      "employeeRAC": 500.00,
      "employeeAVC": 500.00
    }
  ],
  "lineItemIDsToDelete": []
}